date,steps,sleep_hours,heart_rate_bpm,calories_burned,active_minutes
2025-01-01,8694.414256110766,9.5,48.08630513422084,3178.0,49.0
2025-01-02,8727.171000470424,6.756051777711629,70.17172613664573,2615.0,58.0
2025-01-03,9850.184003427681,6.534995607621395,96.70227081315203,4138.0,120.0
2025-01-04,10689.56962882602,6.02181709434473,71.732298319775,4083.0,161.0
2025-01-05,7448.014803342687,5.621624905477086,71.1780886340397,2443.0,134.0
2025-01-06,15369.130964495267,7.3482347799191325,72.90147504772304,3792.0,138.0
2025-01-07,10904.503407704164,7.2923158477267584,60.41589949378517,2696.0,101.0
2025-01-08,11710.918258567928,8.08644287474245,68.45762335839115,2073.0,
2025-01-09,8059.985471009335,6.719248911648614,55.062560260651544,2965.0,40.0
2025-01-10,4856.5919517667235,6.876647858733142,82.70958932057485,3254.0,150.0
2025-01-11,7173.2720651441305,7.804244163404054,76.56083276613207,2122.0,98.0
2025-01-12,,6.132297952531696,66.30794383372742,1885.0,71.0
2025-01-13,9211.62900253753,8.049839887705488,65.25068392830107,2454.0,162.0
2025-01-14,6020.491624998431,4.698720341076482,73.30393514462831,2877.0,153.0
2025-01-15,10135.922206137815,8.448790627346316,61.41474922885919,2322.0,60.0
2025-01-16,9931.943517906218,,53.95623844620868,,
2025-01-17,11602.976290830407,,80.32227743625936,3352.0,
2025-01-18,7361.923996943696,6.82193534370331,76.4947958903912,2498.0,112.0
2025-01-19,10380.189145175013,7.377148747937428,77.09849542590042,4187.0,147.0
2025-01-20,7113.194261699523,7.884811162507284,62.554506486236136,3525.0,41.0
2025-01-21,12305.69757615273,7.450478215190436,59.0931480915221,3372.0,156.0
2025-01-22,6022.44284253005,7.634972699470719,78.97795290372821,3641.0,70.0
2025-01-23,6953.024924849105,5.636470027846297,64.95673053405395,3567.0,117.0
2025-01-24,9235.511819713274,6.933621365968126,51.817403913196166,3739.0,
2025-01-25,6319.413566594971,,68.80719050725591,2131.0,129.0
2025-01-26,12342.588714930182,7.261024139240787,69.41707210278939,3116.0,99.0
2025-01-27,9459.64732826377,5.427100930721215,62.334790163775054,4166.0,
2025-01-28,10981.276027831616,5.956439238039486,64.23872208544631,2558.0,27.0
2025-01-29,10333.009588139626,6.499979687042416,69.44427834475255,2880.0,89.0
2025-01-30,7967.778518956802,7.437102602543263,74.56178453871952,3833.0,176.0
2025-01-31,10172.31537588395,6.217540152681421,70.13435931107357,1817.0,94.0
2025-02-01,9809.89875398081,8.506121850847144,79.42102788172512,4006.0,68.0
2025-02-02,7003.032601657716,6.048532912004892,72.51533561387217,1995.0,110.0
2025-02-03,7399.456853753851,9.016133185383161,52.88561263928486,2642.0,122.0
2025-02-04,13029.80415769537,6.201611664801484,84.9583283296345,2336.0,135.0
2025-02-05,10566.472164686986,8.67961761147439,88.21546087559076,1819.0,58.0
2025-02-06,9389.099257284432,6.526736416167686,82.10638621702333,2505.0,161.0
2025-02-07,6947.159325448907,8.761235858653404,66.39837928610736,3514.0,55.0
2025-02-08,5268.266973048321,8.126868975909446,59.84077854122532,1838.0,179.0
2025-02-09,8490.346706842041,7.418955608732183,55.447445756604374,3578.0,139.0
2025-02-10,12012.254222689693,9.281444563898889,65.2641453464378,,172.0
2025-02-11,6181.813995581387,7.618269908017851,62.06711186102827,1904.0,48.0
2025-02-12,8821.430796163813,6.375576334622393,,3535.0,161.0
2025-02-13,7873.017608359236,9.340993838209368,80.17645029462169,4029.0,54.0
2025-02-14,7940.571433336443,7.827835664103709,67.07216098398087,2690.0,171.0
2025-02-15,,6.748272257663178,82.71090126682927,3177.0,47.0
2025-02-16,10915.377668905729,7.217724621463133,58.6130081205828,2246.0,84.0
2025-02-17,6028.377928823394,8.497915135778843,84.16666349100171,3272.0,103.0
2025-02-18,4607.989486923417,6.606680466204512,62.59829716625363,2885.0,
2025-02-19,15789.634057527233,7.018408682805888,60.43584496963013,2801.0,172.0
2025-02-20,5867.449816873393,9.347566216727115,62.51862375151542,2428.0,50.0
2025-02-21,10598.648152358488,7.243322007265243,66.75501313510503,3111.0,61.0
2025-02-22,7804.195747258714,7.080301343015067,76.37575682732137,3258.0,32.0
2025-02-23,8847.999417222118,7.248239026277713,70.17620639791662,1963.0,177.0
2025-02-24,13847.210418889355,6.927639645195475,64.2388792639409,3655.0,119.0
2025-02-25,9281.778223535392,5.238775107844333,55.92817752632339,3331.0,
2025-02-26,6819.712836336792,6.5441232542348855,74.3734577609833,2730.0,147.0
2025-02-27,7359.888782310049,6.853969861846386,63.97207148381598,2967.0,111.0
2025-02-28,10164.504490518688,8.052238564380211,80.6762166732415,3622.0,34.0
2025-03-01,9638.800520752691,7.8440757106228745,79.2211766701134,3631.0,111.0
2025-03-02,9686.349279644593,5.636767810232944,68.01593452004698,3375.0,148.0
2025-03-03,9229.068952761158,8.303398397647465,81.0993379015015,3859.0,137.0
2025-03-04,12331.791936256119,7.440737751871973,63.90125404986828,3366.0,99.0
2025-03-05,9933.647794416696,5.940689339495719,76.82902271597438,3604.0,60.0
2025-03-06,6059.80708499944,6.7843042605382164,81.93234603042237,4049.0,151.0
2025-03-07,8797.388648732292,7.54450799569605,48.0,1934.0,112.0
2025-03-08,4110.902405201644,6.066731776597216,66.84183375990438,2145.0,36.0
2025-03-09,10862.180637275382,,84.54607946326209,3466.0,33.0
2025-03-10,4174.483917913631,7.35571361497357,72.21771938884606,3319.0,71.0
2025-03-11,,7.136499777478235,69.86811226306166,2751.0,67.0
2025-03-12,11783.54918719978,7.084087949483092,60.070741663842846,1994.0,28.0
2025-03-13,11310.537880201897,6.2589907601766885,71.86311974208516,2925.0,82.0
2025-03-14,8998.757091989442,7.089239275091912,73.17159476108941,2624.0,54.0
2025-03-15,6533.44994693726,7.778412494978092,51.32107874284873,4092.0,93.0
2025-03-16,6882.493254244197,7.894236546724714,64.20823798617864,,
2025-03-17,5948.873578987206,7.9779745954489165,51.04044014593986,3305.0,73.0
2025-03-18,10467.795082052704,6.184083649842334,,2163.0,32.0
2025-03-19,8950.527276864514,5.254782053674423,79.57246959902547,3635.0,176.0
2025-03-20,3270.5274698850662,,59.69558007526585,3594.0,174.0
2025-03-21,12670.00057959709,7.755715233074646,68.6475515206594,2024.0,151.0
2025-03-22,9901.301615412463,6.222376787957365,66.61355277110574,1868.0,116.0
2025-03-23,6837.2067598963695,6.794204587163428,71.65255323049315,3528.0,104.0
2025-03-24,10658.937263117821,6.008597417307357,71.31939168107641,3759.0,36.0
2025-03-25,10501.170265831519,7.2538185884220585,79.17673518062881,3698.0,109.0
2025-03-26,7279.201905284571,8.637603975972578,72.08858017522144,,109.0
2025-03-27,6984.973810997382,,72.31761519727961,3552.0,35.0
2025-03-28,7002.751739064341,6.565721601289488,51.516067865348546,2125.0,
2025-03-29,6159.4531365518005,6.619898510908497,76.85844557829344,4066.0,162.0
2025-03-30,5987.799360116348,8.07565179436861,74.58374092487959,2693.0,111.0
2025-03-31,8748.954220535386,8.277785817577112,57.51021451651466,3408.0,71.0
2025-04-01,6835.08499383685,6.806744811424351,72.19954796390776,3360.0,154.0
2025-04-02,8608.622819849865,6.670089922088619,57.38370336100343,3618.0,24.0
2025-04-03,5376.045297414701,,84.16385307497839,,30.0
2025-04-04,4495.9045419939885,6.580698374459997,78.07669438970315,2567.0,133.0
2025-04-05,6708.358176666652,7.333238204131301,,2158.0,62.0
2025-04-06,10627.383941387483,5.750162361847616,76.30160779821615,2025.0,161.0
2025-04-07,7564.216038833877,7.066289446697136,56.023918927321006,2216.0,115.0
2025-04-08,8399.891607293734,7.003654138269166,73.11203596775563,3725.0,76.0
2025-04-09,7888.021030184383,7.131102680900813,69.19393904923228,2386.0,80.0
2025-04-10,11569.691799167687,9.162956341770629,51.80973460979641,2184.0,51.0
2025-04-11,7127.619270563322,7.534111773138971,74.78595867882007,3837.0,114.0
2025-04-12,9144.950264054147,6.395188326454342,53.934803070639774,4079.0,148.0
2025-04-13,7352.7572198943835,9.323387625634235,80.88486050973403,3563.0,25.0
2025-04-14,10900.335842065335,6.93500189675675,66.33690503162067,2547.0,147.0
2025-04-15,10600.35821130171,6.31436244351422,70.83415811525224,4126.0,83.0
2025-04-16,8559.99738999513,6.934458409086126,78.860741928535,2316.0,126.0
2025-04-17,7267.9116642638255,7.999471771877149,,3160.0,84.0
2025-04-18,6709.669166228903,8.679874795323911,66.50216849172051,3311.0,144.0
2025-04-19,7203.201377907135,8.13468095590462,54.226293435425994,2010.0,48.0
2025-04-20,7806.639574946188,6.674327846238038,63.61478847956434,4155.0,49.0
2025-04-21,8914.72728801305,7.332358738608011,,3125.0,71.0
2025-04-22,7917.386299292686,5.407996989002288,50.95920810956578,1828.0,119.0
2025-04-23,7686.099415238956,5.979440981191084,80.93433238099932,,141.0
2025-04-24,8277.823003004009,,60.37463677176952,3152.0,95.0
2025-04-25,8802.231074601601,8.360443866540638,73.304660024959,2646.0,170.0
2025-04-26,8258.109201720123,7.405597625985123,,2862.0,42.0
2025-04-27,9645.631298041324,6.154237067361736,73.64344549635932,2295.0,26.0
2025-04-28,6920.215047699403,6.272068833202985,79.70858774526964,1833.0,174.0
2025-04-29,9156.807375281584,6.179381066455018,65.07228106294292,3349.0,68.0
2025-04-30,8776.848288423082,6.178290336063708,76.06837101705511,3532.0,48.0
2025-05-01,6191.633519156248,8.09836346202371,74.00493393245831,2050.0,96.0
2025-05-02,,6.9107238510049696,74.9697504791894,4161.0,117.0
2025-05-03,8620.055103298153,7.218684954015398,,2903.0,
2025-05-04,9650.537034009614,,51.8300913432913,4117.0,50.0
2025-05-05,7730.362888887798,6.925649019575108,63.224100750029194,1869.0,81.0
2025-05-06,4228.2074118920245,6.805128901148945,58.10902067421689,1909.0,63.0
2025-05-07,9192.283230635545,7.542780232160451,60.06711889479192,,101.0
2025-05-08,11184.480500245201,7.162116422355834,76.10122317267897,2045.0,152.0
2025-05-09,10847.81804626438,4.845762769533211,,2326.0,77.0
2025-05-10,7461.871806233386,,64.10115076107414,3685.0,27.0
2025-05-11,8944.149756840228,8.15382222945057,69.15869474912586,1910.0,64.0
2025-05-12,7674.321972930229,6.607931147617284,56.86534552243978,2534.0,145.0
2025-05-13,3685.611832731781,5.983116761643175,62.1890461395624,3927.0,109.0
2025-05-14,,7.734351029467717,63.13246995336969,3891.0,71.0
2025-05-15,8378.799342986225,7.83569170838278,84.47041632761609,2738.0,
2025-05-16,,7.157452420799228,67.72914075599029,3045.0,30.0
2025-05-17,10947.77782024338,7.331184388302771,48.0,4140.0,
2025-05-18,10609.192118170566,7.575235880660532,75.799892090304,2886.0,104.0
2025-05-19,9108.796782811369,7.803936609610773,79.65355656860586,2627.0,36.0
2025-05-20,10667.634638308169,6.263931197719343,62.97230696769124,4195.0,126.0
2025-05-21,7453.049886339457,6.497708990928329,63.049003379991994,3762.0,72.0
2025-05-22,10625.216378983661,7.499128570980671,71.84787663299709,3217.0,67.0
2025-05-23,4008.210009343835,7.88563862510894,,3216.0,
2025-05-24,11586.21963180753,8.634343376057934,62.267119825027414,3266.0,122.0
2025-05-25,12896.244707328882,7.033447771236479,79.93709813566416,3130.0,148.0
2025-05-26,9631.817879503924,6.091303005144106,48.1085190270237,3083.0,23.0
2025-05-27,11023.861054153658,7.123141212901993,67.01085342033106,2558.0,69.0
2025-05-28,6931.719740038183,,61.09924155251825,3989.0,37.0
2025-05-29,4680.835458422289,6.479511582030751,84.60208758028983,1885.0,159.0
2025-05-30,7422.360574749089,8.966196854278467,67.03284650445491,3332.0,53.0
2025-05-31,10726.887135735624,7.715356865306926,65.08668698326173,3020.0,128.0
2025-06-01,11507.915633788432,6.715962323949408,57.08587883681546,1988.0,81.0
2025-06-02,,7.442975840138204,68.950195329128,3933.0,23.0
2025-06-03,5141.857080012309,6.932037823432527,74.38229077944621,1971.0,128.0
2025-06-04,9729.287700534744,7.0986308984663635,67.10648038872041,2936.0,59.0
2025-06-05,3000.0,8.549028683222744,53.004955977647086,2720.0,106.0
2025-06-06,5626.626507236402,7.00048139388362,58.566342029337655,2330.0,126.0
2025-06-07,6903.310544750123,7.250302735924444,64.39212672107871,1875.0,77.0
2025-06-08,4603.230901325878,7.5096747802476,58.51865246085751,2672.0,72.0
2025-06-09,9074.329460061354,7.961654444797445,77.74368737485916,2878.0,53.0
2025-06-10,5648.322941952535,4.765220073467823,72.47455361155346,3742.0,66.0
2025-06-11,6137.95237399369,8.255041979894198,64.0840024330794,3520.0,101.0
2025-06-12,8198.332647213594,7.533079052696665,77.42801934407119,2082.0,140.0
2025-06-13,12356.832220606273,5.6587503881629635,66.74854805673053,2581.0,66.0
2025-06-14,7173.915145124032,7.1790059372847255,71.99406119306728,1813.0,120.0
2025-06-15,6945.506197038475,6.18969749812624,59.15589381040989,1809.0,129.0
2025-06-16,7815.161914293104,6.888886175202355,77.02620495162769,3774.0,123.0
2025-06-17,6001.115927638308,8.835494541813164,58.65406351131193,2468.0,
2025-06-18,7457.434235090184,8.853702258075757,66.60671141489081,3452.0,121.0
2025-06-19,3334.1894797548302,,68.29117435955122,3101.0,132.0
2025-06-20,7877.993481664111,7.469532046781886,80.5906702763825,3734.0,173.0
2025-06-21,10420.43529915277,6.917245203204586,,3937.0,21.0
2025-06-22,4758.418034582411,7.987806844802195,48.91733120054556,3850.0,59.0
2025-06-23,14532.537022408382,8.301922703517608,72.11502744821763,2217.0,138.0
2025-06-24,8508.255301377148,7.85935144388257,70.54465965356984,2495.0,35.0
2025-06-25,14778.774491531216,7.347554587564256,64.33763554226672,2568.0,148.0
2025-06-26,6000.502251319504,7.694346041122433,55.50358580068068,4075.0,25.0
2025-06-27,10588.979863871627,7.857867238773888,57.993355255214425,2145.0,45.0
2025-06-28,,8.510622053712044,80.97906309538973,1842.0,106.0
2025-06-29,6957.407729245579,6.960161002978539,83.26169995163146,3886.0,137.0
2025-06-30,,7.0093352207629005,62.407757192227216,3900.0,56.0
2025-07-01,9466.160568614985,7.732868889510957,72.32845153092904,1805.0,34.0
2025-07-02,5007.059658837514,5.6332741854516994,73.9980440629366,3340.0,155.0
2025-07-03,7004.731224645159,5.667815395685662,68.58424573113683,2599.0,95.0
2025-07-04,9937.141618443544,6.498120301419961,64.25469473018548,3728.0,66.0
2025-07-05,8576.785301174797,,58.365731387671936,3925.0,178.0
2025-07-06,10255.258658608944,8.583357547349394,56.53998262776323,2515.0,24.0
2025-07-07,,,,2991.0,59.0
2025-07-08,8431.998094120214,7.551217445883259,,2439.0,87.0
2025-07-09,4690.501562755626,5.820306688919283,68.02982268316175,3441.0,33.0
2025-07-10,7692.480122846323,6.568095274360505,71.55723099671525,2225.0,70.0
2025-07-11,12695.906861243413,7.240820439904613,,2951.0,142.0
2025-07-12,7527.045851905503,8.573827126265856,62.42298078617693,3050.0,98.0
2025-07-13,5227.800601611796,5.080642816635757,68.21820775289211,3211.0,55.0
2025-07-14,,6.978265360871176,73.53215485292986,3521.0,152.0
2025-07-15,6517.58966021481,6.086196285263133,75.82765380025216,3795.0,60.0
2025-07-16,3857.97826088114,7.645405793200443,77.58847960809084,1988.0,146.0
2025-07-17,13529.009985209013,5.936576769559589,63.76250486753558,3405.0,89.0
2025-07-18,11967.465501168892,5.7570335606746585,79.4773841380554,3969.0,
2025-07-19,10152.973403585549,6.262829829969075,76.56696301174826,3722.0,77.0
2025-07-20,8980.395104856318,5.652584955445112,74.79172906206139,2751.0,52.0
2025-07-21,7168.983323525762,6.3797565060287775,63.74235764663197,2229.0,59.0
2025-07-22,12439.971167857539,7.722896507181241,66.68071330169353,1972.0,52.0
2025-07-23,6765.616296474724,6.7250091922837045,77.10500909100428,3439.0,137.0
2025-07-24,5092.456643750826,6.5012355349793145,65.24157855205853,2591.0,23.0
2025-07-25,6528.298806013663,7.1718342423306085,62.66770360219652,1886.0,147.0
2025-07-26,9243.431938790289,7.22464335157601,71.01268048177756,3714.0,74.0
2025-07-27,10678.241256190599,6.529432647142164,56.31249770242433,2661.0,24.0
2025-07-28,3000.0,6.9874718299509295,68.82458197040219,2058.0,111.0
2025-07-29,3733.563861521281,7.197463988773536,63.22031637875931,3424.0,132.0
2025-07-30,7381.301802021844,7.936893514367689,54.108295306639654,1813.0,140.0
2025-07-31,7100.9761677318575,8.123782377692404,73.70114318604462,2916.0,70.0
2025-08-01,8226.047336404297,6.50066233388071,73.39485645118933,2992.0,103.0
2025-08-02,12163.67444742747,9.5,70.02974113274746,2247.0,66.0
2025-08-03,8481.250802231352,6.91268523099231,80.43278242572578,1926.0,114.0
2025-08-04,5208.091115790396,7.459070866093193,51.6961861159684,2701.0,113.0
2025-08-05,6432.320029803343,6.2797036075709665,65.77608010305794,2929.0,35.0
2025-08-06,6668.200298440587,6.21638595984387,59.973794580245226,,99.0
2025-08-07,8347.83403806837,6.210937119676315,82.26459264090133,2163.0,81.0
2025-08-08,5383.426231666755,7.97851754875909,56.03256528727317,,63.0
2025-08-09,8171.785750262549,6.779790848601522,62.53471998842338,2328.0,96.0
2025-08-10,5640.511819390182,5.751029419129547,61.20997018817387,3681.0,45.0
2025-08-11,12434.191189552608,7.433751598575581,57.71152931209044,2125.0,115.0
2025-08-12,7984.204613822973,7.115778606214099,82.63075475932459,,111.0
2025-08-13,13020.521124545863,7.102573472806773,73.23066725928359,4055.0,152.0
2025-08-14,12578.529211873629,,74.69569421488929,3070.0,168.0
2025-08-15,8914.615996038998,6.3768166083312074,77.53020529487989,2610.0,107.0
2025-08-16,10926.894937934423,7.779219318344279,57.984851434564305,1950.0,22.0
2025-08-17,13566.480474576572,7.336343129980452,81.3306194225318,,170.0
2025-08-18,7193.093723293686,6.956160532520663,76.0440797748105,3674.0,132.0
2025-08-19,6218.201652311084,6.364887326176744,74.7444225488452,3610.0,108.0
2025-08-20,8280.75475942255,7.99062551511163,68.43418791054513,3032.0,123.0
2025-08-21,8535.850880185939,6.443573511955442,88.20292818857176,3764.0,140.0
2025-08-22,6903.687209767434,7.720932759388622,66.54534796026198,1886.0,50.0
2025-08-23,11267.257629002272,8.039897676958667,76.58335013911052,3099.0,166.0
2025-08-24,8157.029587491088,7.186526833991785,66.197165446133,3008.0,96.0
2025-08-25,7705.055519168292,7.772336856804435,67.70208475929981,3274.0,76.0
2025-08-26,4662.136589649859,7.03619274869732,59.24294285084369,2918.0,175.0
2025-08-27,8865.332949980886,7.309385663397429,62.65852496104199,4169.0,70.0
2025-08-28,8569.611198217135,6.9673611909698305,62.69784226850794,2839.0,176.0
2025-08-29,5435.069662312705,7.82096579938253,65.35396265422627,1935.0,162.0
2025-08-30,5953.7853704496365,5.196217757633375,70.17895914615579,3504.0,34.0
2025-08-31,14290.286757509866,6.742373922791064,64.89660891823696,2307.0,24.0
2025-09-01,7396.516590447016,7.44908848038316,91.08575948455447,2126.0,67.0
2025-09-02,4801.246878048989,6.824254157398302,76.17772163282132,3796.0,97.0
2025-09-03,3852.236499166528,9.062670095175632,71.91720536240402,2724.0,26.0
2025-09-04,8004.402971549509,6.878110667567568,58.38641733485169,2736.0,72.0
2025-09-05,7258.685371823507,7.5117879797535245,93.14826750505699,1823.0,36.0
2025-09-06,,7.398174197907935,48.0,4140.0,123.0
2025-09-07,8058.8730430417145,8.333880642778915,69.29182974062513,3760.0,128.0
2025-09-08,7998.3013846814065,6.848924621461127,74.64432641459369,3637.0,95.0
2025-09-09,10437.018552098269,6.42082877657584,86.36240880970954,3245.0,60.0
2025-09-10,12878.502788027026,,56.57980448168751,2007.0,122.0
2025-09-11,10270.277979722488,6.897151777321018,66.15232953161504,3493.0,40.0
2025-09-12,3000.0,7.398393370766357,85.12840551250807,3550.0,138.0
2025-09-13,12076.641583489563,7.0441150684014024,61.00157558521402,2979.0,67.0
2025-09-14,3000.0,7.069315437882172,54.95656549014867,4038.0,171.0
2025-09-15,5880.812238790148,6.2037178914090445,77.18544079713962,4193.0,164.0
2025-09-16,9068.12337223277,5.8374274534540005,69.82153954354817,2620.0,53.0
2025-09-17,7683.757048048331,5.972732281357466,84.83612557321564,1839.0,97.0
2025-09-18,10578.411139482832,8.301652378148116,68.89165532228438,3215.0,125.0
2025-09-19,6499.471274613012,6.026146836795487,63.94064339923357,4186.0,165.0
2025-09-20,9140.119880904182,7.014432947095213,66.43973467660261,2093.0,22.0
2025-09-21,9195.098869864561,8.00816848225539,67.00737615963513,2904.0,125.0
2025-09-22,12333.414650256165,5.592033105671057,65.96055274358758,3218.0,170.0
2025-09-23,9683.031830306862,7.843798506747376,,3138.0,167.0
2025-09-24,5835.048359354751,7.548695886025808,64.428291145353,3399.0,121.0
2025-09-25,10322.59208590238,7.604755272178748,51.78088351191117,2666.0,56.0
2025-09-26,12042.92638922385,9.242482748328726,61.488559369607884,2550.0,88.0
2025-09-27,5265.420810148649,7.7712578532920595,62.018253390794015,3094.0,159.0
2025-09-28,11866.907166280731,6.30123436574668,60.90857120042055,3974.0,160.0
2025-09-29,,7.678648270011754,67.72246060812786,3621.0,120.0
2025-09-30,3000.0,8.26445540567234,51.53154680886675,2812.0,136.0
2025-10-01,5758.587942638644,7.371155894991932,87.18437332389286,3510.0,76.0
2025-10-02,10670.200638513114,7.222722544563166,,,154.0
2025-10-03,8065.1761201261625,8.558481441811292,88.21904152496239,1891.0,73.0
2025-10-04,10598.738215103856,6.762834457203242,49.93186707506622,3979.0,153.0
2025-10-05,3000.0,8.017218892148467,53.6631333395471,2869.0,
2025-10-06,9380.851713770959,6.784526530997652,63.30673204013283,4109.0,53.0
2025-10-07,10160.330890102676,6.403370062754437,50.8689202969649,3758.0,83.0
2025-10-08,6310.986302432665,5.44644636683673,80.62835244610994,2721.0,93.0
2025-10-09,7716.641293718263,4.960205785951356,62.83132675969607,1939.0,38.0
2025-10-10,6150.264397364719,6.58816892862865,68.7684218066939,3852.0,170.0
2025-10-11,,7.23330662104293,78.90773443854694,3699.0,149.0
2025-10-12,5860.510109437859,7.436529159624154,71.15751649409238,3468.0,131.0
2025-10-13,8938.712430227697,8.899121041822205,70.10296084953671,2999.0,121.0
2025-10-14,8427.431095931646,8.9594261655285,48.0,3109.0,120.0
2025-10-15,8142.938503960723,7.570345162549698,60.35711316216073,4087.0,100.0
2025-10-16,10994.195574957183,7.059094578162834,79.6777716733432,3142.0,80.0
2025-10-17,13115.270968089135,6.963995033791245,66.92595054274051,2925.0,156.0
2025-10-18,5424.3483913924665,5.966805038970875,77.47811393193273,3291.0,59.0
2025-10-19,10134.60010175037,6.229972826476774,80.6507622836635,3039.0,114.0
2025-10-20,8218.424653732354,6.545838485081938,86.21108889596272,2726.0,160.0
2025-10-21,7501.936463556173,7.379550629933919,71.66416341798862,3745.0,144.0
2025-10-22,9095.976114192961,5.4702231851485905,60.878303603610114,3044.0,50.0
2025-10-23,7557.82650014905,8.870228669661248,78.24707196264954,3809.0,175.0
2025-10-24,4341.944869733869,7.477929702597281,64.70124293513983,2929.0,125.0
2025-10-25,5708.732507110157,7.984786805045516,61.98071500094259,2815.0,164.0
2025-10-26,9373.682135504918,8.489768701333414,73.39489021890874,2267.0,83.0
2025-10-27,8726.950022226445,5.863908443450131,50.020356825395325,,117.0
2025-10-28,4684.736647598833,7.40771804754543,61.792369463149626,,155.0
2025-10-29,10457.58839370547,8.10816206410169,74.24614069616456,,141.0
2025-10-30,6270.224956212746,6.583897333755558,76.17309795438156,3818.0,115.0
2025-10-31,4961.989836168112,6.916950348588993,79.08368918829599,,151.0
2025-11-01,6338.770986159396,8.325572010131818,62.94307002461863,3043.0,66.0
2025-11-02,12158.61341686744,8.898157249288616,87.7191812368096,2815.0,135.0
2025-11-03,7307.716242469445,7.024924317364633,64.98114352652287,3924.0,97.0
2025-11-04,6324.078265750781,8.166331285705956,77.11555792958458,2804.0,116.0
2025-11-05,8791.079502795583,6.408803388880567,,2319.0,137.0
2025-11-06,12590.746174713942,8.10815273857043,59.4888072388153,3170.0,141.0
2025-11-07,,,62.5548496340833,2274.0,122.0
2025-11-08,9148.064265831448,6.780781456470546,68.29031585263434,3448.0,52.0
2025-11-09,10651.41881778173,7.478358781959535,65.60383416653221,2447.0,44.0
2025-11-10,8772.718271648062,8.345540494173067,56.257616617442544,3568.0,79.0
2025-11-11,6267.1868864253265,,78.32550410375335,3415.0,161.0
2025-11-12,7642.441877235029,6.888228090354612,87.97931428757954,1964.0,
2025-11-13,9224.846497540406,7.739199955738429,71.72878635077869,2066.0,179.0
2025-11-14,10818.487580251449,8.568078306595194,52.10044658652559,2536.0,32.0
2025-11-15,15245.595288230637,9.148313914282344,70.31772731760158,4010.0,117.0
2025-11-16,13067.429532812654,7.02954932939595,68.91765724969062,2424.0,109.0
2025-11-17,9948.481163328172,7.923785431497697,68.25584324265328,4187.0,166.0
2025-11-18,6024.078440372836,6.343672127920587,77.91219416274348,2794.0,67.0
2025-11-19,6001.609699833591,6.15538759744269,76.8836341986449,2947.0,48.0
2025-11-20,7913.250248716488,7.551768129278457,65.5844522578003,4048.0,168.0
2025-11-21,6638.906814957709,8.171958771974428,,1898.0,75.0
2025-11-22,3466.800104921419,6.223514771959786,65.123034944254,4043.0,107.0
2025-11-23,8386.62643649795,7.8259778985561015,48.0,1853.0,60.0
2025-11-24,10671.442329629324,7.917060681939528,53.89871708766581,2341.0,119.0
2025-11-25,6885.0575256669445,7.119892642094797,59.12288755539085,2379.0,90.0
2025-11-26,9357.812076822454,6.139205825958024,74.10143226780733,2224.0,76.0
2025-11-27,6164.866344702925,8.04817177233055,64.53146296626444,3189.0,30.0
2025-11-28,6462.246095593671,7.799523755523709,68.27335328481804,2336.0,129.0
2025-11-29,8703.155880331185,6.031940974728071,75.44318699075853,3577.0,149.0
2025-11-30,11775.648249704589,6.2683307269862185,63.71398893742638,2284.0,153.0
2025-12-01,5829.541365137252,6.067965911220979,59.76827906535771,3905.0,47.0
2025-12-02,10010.196948256062,4.867943943131646,64.34670517802302,3859.0,121.0
2025-12-03,11481.833492821024,7.237570495794642,61.874184467465035,2812.0,54.0
2025-12-04,10632.792755901954,6.926376701637678,59.35183251707134,,69.0
2025-12-05,8412.631349948546,6.8969528762967185,65.39395166863878,2803.0,100.0
2025-12-06,,6.956650433434578,70.10842104523972,2631.0,96.0
2025-12-07,12930.855194697295,8.540599441415415,69.18880107479744,1891.0,139.0
2025-12-08,5982.207923631451,6.2670529776724875,49.04646257777563,3515.0,168.0
2025-12-09,8653.24689108096,7.1086978206545055,75.10764578245548,3786.0,145.0
2025-12-10,8521.928998556159,8.627974556059039,70.08884049876644,3867.0,136.0
2025-12-11,6241.994088057999,5.785130053162351,48.0,3325.0,
2025-12-12,4285.31745577814,7.528093523678522,58.307617835219155,3121.0,153.0
2025-12-13,11095.571619488392,6.255320185381642,76.27569228966422,3695.0,56.0
2025-12-14,7936.046201341699,6.8252864613610456,65.41990243780083,2531.0,118.0
2025-12-15,9452.954023984066,8.073799229158215,67.32290394621565,2353.0,122.0
2025-12-16,,6.213772490624402,70.8355239460863,2126.0,177.0
2025-12-17,7605.788637934918,6.8879482286923235,,3281.0,77.0
2025-12-18,6733.164748901962,5.4771587457971105,58.39842069903922,3521.0,111.0
2025-12-19,10381.529880439284,7.138754367378617,65.38228023483678,3305.0,159.0
2025-12-20,9858.078792461598,5.787357025515088,69.85064212701108,3725.0,62.0
2025-12-21,8573.938335417919,7.700767656783303,67.05013716467663,2300.0,152.0
2025-12-22,8640.618098989109,6.629213709426544,72.3808057684715,,21.0
2025-12-23,8257.231917999174,6.669579350955442,56.203552063443496,1887.0,115.0
2025-12-24,8584.888538055426,5.864500756982485,72.0340144197308,2624.0,30.0
2025-12-25,5886.9880233238,8.187064688021145,68.58415711205339,2283.0,107.0
2025-12-26,11750.479001313153,6.069234726759167,64.55054935143156,1884.0,66.0
2025-12-27,9633.628437004449,6.654181293181931,82.77151691359227,2047.0,82.0
2025-12-28,3000.0,8.872111848749013,78.83271688407251,4036.0,65.0
2025-12-29,7550.260579093752,6.968236249222793,53.207311766626056,2541.0,70.0
2025-12-30,,7.224139506687981,67.11641954103649,3788.0,142.0
2025-12-31,9879.982977027252,6.957190894974022,79.70239931508972,3979.0,172.0
